Calamares en su tinta,55,Preparacion detallada de calamares en su tinta. Limpiar los calamares separando los tentaculos y conservando su tinta. Cortarlos en anillas y reservar. Sofreir cebolla ajo y tomate rallado a fuego lento hasta que quede una base muy tierna. Anadir los calamares y los tentaculos picados y rehogar unos minutos. Disolver la tinta en un poco de caldo y anadirla a la cazuela. Cocinar a fuego medio hasta que los calamares esten tiernos y la salsa se haya oscurecido y espesado. Servir con arroz blanco,DIFICIL,calamares;400g|cebolla;1u|ajo;2u|tomate;1u|tinta de calamar;10g|caldo;200ml
Carcamusas,70,Preparacion detallada de carcamusas. Cortar la carne de cerdo en cubos pequenos y salpimentarla. Calentar una cazuela y dorar la carne hasta sellarla bien. Anadir cebolla ajo y pimiento picados y sofreir lentamente hasta que las verduras esten tiernas. Incorporar tomate triturado y cocinar unos minutos mas. Anadir guisantes un poco de vino y caldo y cocinar a fuego medio hasta que la salsa espese y la carne quede muy tierna. Servir caliente,DIFICIL,cerdo;300g|cebolla;1u|ajo;2u|pimiento verde;1u|tomate triturado;150g|guisantes;100g|vino blanco;80ml|caldo;200ml
Lubina a la sal,40,Limpiar la lubina retirando tripas pero manteniendo cabeza y cola. Cubrir completamente el pescado con una mezcla de sal humedecida para formar una costra firme. Hornear hasta que la sal se endurezca. Romper la costra con cuidado y extraer los lomos jugosos evitando que les caiga sal. Servir inmediatamente,DIFICIL,lubina;1u|sal gruesa;1kg|limon;1u
Pollo relleno al horno,110,Lavar y vaciar cuidadosamente el pollo. Preparar un relleno con carne picada frutos secos cebolla sofrita y pan remojado. Rellenar el pollo presionando bien y cerrar con hilo o palillos. Hornear lentamente regando con sus jugos para mantenerlo jugoso. Dorar al final para obtener una piel crujiente. Reposar unos minutos antes de cortar,DIFICIL,pollo entero;1u|carne picada;150g|cebolla;1u|nueces;40g|pan;40g
Paella de marisco,60,Dorar las gambas y calamares en la paellera para extraer sabor. Retirar y sofreir cebolla ajo y pimiento picados. Añadir tomate triturado y dejar reducir. Incorporar el arroz y mezclar para que se impregne de los sabores. Añadir caldo caliente junto con mejillones y gambas y cocinar sin remover hasta que el arroz quede en su punto. Dejar reposar antes de servir,DIFICIL,arroz;200g|gambas;150g|mejillones;200g|calamares;150g|cebolla;1u|ajo;1u|pimiento rojo;1u|tomate triturado;150g|caldo;600ml
Canelones de marisco,70,Preparacion elaborada de canelones. Cocer las placas de canelon y reservar. Preparar un relleno sofriendo cebolla y ajo y anadiendo gambas mejillones y pescado picado. Cocinar hasta integrar sabores. Rellenar los canelones de forma uniforme. Preparar una bechamel espesa y cubrir los canelones. Gratinar en el horno hasta dorar la superficie,DIFICIL,placas de canelon;12u|gambas;150g|mejillones;100g|pescado blanco;150g|cebolla;1u|ajo;1u|leche;250ml|harina;20g|mantequilla;20g
Rabo de toro estofado,180,Preparacion detallada de rabo de toro. Salpimentar los trozos de rabo y dorarlos en una olla grande hasta sellar completamente. Retirar y sofreir cebolla zanahoria y puerro picados lentamente hasta que queden muy tiernos. Añadir tomate triturado y cocinar unos minutos mas. Incorporar el rabo de toro vino tinto y caldo y cocinar a fuego muy bajo durante varias horas hasta que la carne se separe del hueso. Servir con pure de patata,DIFICIL,rabo de toro;400g|cebolla;1u|zanahoria;1u|puerro;1u|tomate triturado;150g|vino tinto;200ml|caldo;300ml
Bacalao confitado,30,Colocar lomos de bacalao en una olla pequeña y cubrirlos completamente con aceite. Calentar a fuego muy bajo sin que llegue a hervir para que el pescado se cocine suavemente. Añadir ajo y laurel para aromatizar. Servir con el aceite templado y verduras al vapor,FACIL,bacalao;250g|aceite de oliva;200ml|ajo;2u|laurel;1u
Pulpo a la brasa,45,Hervir el pulpo previamente hasta que quede tierno. Cortarlo en tentaculos y pasarlos por la brasa o una sarten muy caliente para caramelizar el exterior. Añadir aceite sal pimenton y un chorrito de limon justo antes de servir,MEDIO,pulpo;300g|pimenton;5g|aceite de oliva;20ml|sal;5g|limon;1u
Cordero asado tradicional,120,Colocar las piezas de cordero en una bandeja de horno con ajo cebolla y laurel. Añadir un poco de agua en el fondo para mantener la humedad. Asar lentamente durante horas regando con sus propios jugos hasta que la carne se desprenda del hueso. Dorar los ultimos minutos para un acabado perfecto,MEDIO,cordero;400g|ajo;3u|cebolla;1u|laurel;1u|agua;100ml
Magret de pato con frutos rojos,40,Realizar cortes superficiales en la piel del magret. Cocinar primero por el lado de la piel para derretir la grasa y obtener un dorado uniforme. Preparar una salsa reduciendo frutos rojos con un poco de caldo hasta que espese. Cortar el magret en laminas y cubrir con la salsa,FACIL,magret de pato;1u|frutos rojos;150g|caldo;50ml
Solomillo Wellington,70,Sellar el solomillo en una sarten muy caliente. Preparar un duxelle picando finamente champinones cebolla y ajo y cocinandolos hasta que pierdan toda su humedad. Untar el solomillo con mostaza y cubrirlo con el duxelle y jamon. Envolver en hojaldre y hornear hasta que el exterior quede dorado y crujiente. Reposar unos minutos antes de cortar,DIFICIL,solomillo;300g|champinon;150g|cebolla;1u|ajo;1u|mostaza;10g|hojaldre;1u|jamon;80g
Coq au vin tradicional,120,Dorar el pollo en una olla grande hasta que tome color. Agregar cebolla zanahoria y ajo picados y rehogar lentamente. Añadir vino tinto y dejar reducir. Incorporar caldo y hierbas aromáticas y cocinar a fuego lento hasta que el pollo quede extremadamente tierno y la salsa espese. Servir con verduras o pan tostado,MEDIO,pollo;1u|vino tinto;250ml|cebolla;1u|zanahoria;1u|ajo;2u|caldo;300ml|laurel;1u
Confit de pato casero,90,Preparacion detallada de confit de pato. Cubrir los muslos de pato con sal y dejarlos reposar para que suelten humedad. Limpiarlos y colocarlos en una olla cubiertos con su propia grasa. Cocinar a fuego muy bajo durante varias horas hasta que la carne quede muy tierna. Retirar y dorar la piel en una sarten antes de servir,FACIL,pato;2u|sal;5g|pimienta;5g|grasa de pato;200g
Cachopo casero,45,Preparacion detallada de cachopo casero. Extender los filetes de ternera y salpimentarlos. Colocar encima lonchas de jamon y queso y cubrir con otro filete presionando bien los bordes. Pasar por harina huevo batido y pan rallado para obtener un rebozado uniforme. Freir en aceite caliente hasta que quede dorado por ambos lados. Dejar reposar un minuto antes de servir,FACIL,ternera;250g|jamon serrano;60g|queso;70g|huevo;1u|harina;30g|pan rallado;40g|aceite;30ml
Bacalao con patatas y pimientos,45,Desalar el bacalao en agua durante al menos veinticuatro horas cambiando el agua varias veces. Cortar patatas en rodajas gruesas y cocerlas ligeramente hasta que empiecen a ablandarse. En una sartén grande pochar cebolla y pimientos en tiras hasta que estén tiernos. Añadir el bacalao y cocinar unos minutos por cada lado para que suelte su jugo. Incorporar las patatas y mezclar suavemente para que no se rompan. Cocinar a fuego lento unos minutos más y servir caliente,MEDIO,bacalao;300g|patata;3u|pimiento rojo;1u|pimiento verde;1u|cebolla;1u
Caldo gallego tradicional,55,Cortar grelos patata y chorizo en trozos medianos. En una olla grande poner agua y añadir la patata y el chorizo. Cocinar hasta que la patata empiece a ablandarse. Añadir los grelos y continuar la cocción a fuego medio hasta que todos los ingredientes estén tiernos. Ajustar sal y servir muy caliente,MEDIO,grelos;200g|patata;2u|chorizo;1u
Carrilleras guisadas,80,Limpiar las carrilleras retirando el exceso de grasa. Dorarlas en una olla grande hasta sellar bien su superficie. Añadir cebolla ajo y zanahoria picados y dejar que se cocinen lentamente hasta ablandarse. Incorporar vino y reducirlo a fuego medio. Añadir caldo suficiente para cubrir y cocinar tapado hasta que las carrilleras estén completamente tiernas. Servir con puré de patata o arroz blanco,DIFICIL,carrilleras;300g|cebolla;1u|ajo;2u|zanahoria;1u|vino tinto;100ml|caldo;400ml
Garbanzos con bacalao,50,Sofreír cebolla y ajo picados en una olla con aceite. Añadir pimentón y remover rápidamente. Incorporar garbanzos cocidos y bacalao en tiras. Añadir agua o caldo y cocinar a fuego medio hasta que todos los sabores se integren. Ajustar sal y servir caliente,MEDIO,garbanzos cocidos;200g|bacalao;200g|cebolla;1u|ajo;1u|pimentón;5g
Sopa de ajo con huevo escalfado,25,Laminar los ajos y dorarlos en aceite con cuidado. Añadir pan duro en láminas y remover para que absorba el aceite. Incorporar caldo caliente y dejar cocer unos minutos hasta que el pan se deshaga ligeramente. Escalfar un huevo dentro de la sopa dejando que cuaje suavemente. Servir enseguida,FACIL,ajo;3u|pan;100g|caldo;400ml|huevo;1u
Guisantes con jamón y huevo,20,Sofreír cebolla picada en una sartén hasta que esté tierna. Añadir jamón en dados y cocinar unos minutos. Incorporar guisantes y un poco de agua y cocinar hasta que estén tiernos. Aparte preparar un huevo frito o escalfado y servirlo sobre los guisantes. Ajustar sal antes de servir,FACIL,guisantes;200g|jamón;80g|cebolla;1u|huevo;1u
Codillo al horno,75,Cocer el codillo en una olla grande con cebolla ajo laurel y agua hasta que esté tierno. Pasarlo a una bandeja de horno y añadir patatas cortadas en gajos alrededor. Hornear hasta que el codillo quede bien dorado y las patatas tiernas. Regar ocasionalmente con el jugo de cocción para mantenerlo jugoso,MEDIO,codillo;1u|patata;3u|cebolla;1u|ajo;2u
Pochas con verduras,45,Picar cebolla pimiento y zanahoria en trozos pequeños. Sofreír las verduras en una olla hasta que estén tiernas. Añadir pochas cocidas y cubrir con agua. Cocinar a fuego medio hasta que el guiso espese ligeramente. Ajustar sal y servir caliente,FACIL,pochas cocidas;200g|zanahoria;1u|cebolla;1u|pimiento verde;1u
Caldereta de cordero,70,Dorar los trozos de cordero en una olla grande para sellarlos. Añadir cebolla ajo y pimiento picados y cocinar hasta que suelten todo su aroma. Incorporar vino y dejar reducir. Añadir agua o caldo y cocinar a fuego lento hasta que el cordero esté muy tierno. Servir con patatas cocidas,DIFICIL,cordero;300g|cebolla;1u|ajo;2u|pimiento rojo;1u|vino tinto;50ml|caldo;300ml
Menestra de verduras,35,Lavar y cortar coliflor zanahoria judías verdes y alcachofa en trozos. Cocer cada verdura por separado para mantener su textura. Sofreír ajo picado y añadir todas las verduras mezclándolas suavemente. Añadir un poco de agua y espesar con harina si se desea. Servir caliente,FACIL,coliflor;1u|zanahoria;2u|judías verdes;100g|alcachofa;2u|ajo;2u
Cocido madrileño completo,90,Poner los garbanzos en remojo durante toda la noche para que ablanden. Colocar en una olla grande pollo chorizo hueso de jamón y morcillo si se desea junto con los garbanzos escurridos. Cubrir con agua y llevar a ebullición retirando la espuma para limpiar el caldo. Añadir zanahoria patata y repollo cortado y cocinar a fuego lento durante más de una hora hasta que todo esté muy tierno. Separar caldo verduras y carnes y servir primero la sopa después los garbanzos con las verduras y por último las carnes,MEDIO,garbanzos;200g|pollo;1u|chorizo;1u|hueso de jamón;1u|zanahoria;1u|patata;2u|repollo;150g
Estofado de cerdo con patatas,65,Cortar la carne en dados y salpimentarla. Dorar los trozos en una olla grande para sellar los jugos. Retirar momentáneamente y sofreír cebolla ajo y zanahoria muy picados hasta que estén tiernos. Añadir de nuevo la carne junto con las patatas chascadas y cubrir con agua o caldo. Cocinar a fuego lento removiendo ocasionalmente hasta que la carne esté muy tierna y la salsa haya reducido. Servir acompañado de pan para aprovechar la salsa,MEDIO,cerdo;300g|zanahoria;1u|cebolla;1u|ajo;2u|patata;3u
Sopa castellana tradicional,30,Cortar pan duro en láminas finas y reservar. Laminar ajo y dorarlo en una olla con aceite a fuego suave sin dejar que se queme. Añadir el pan y mezclar para que se impregne con el aceite y el ajo. Incorporar caldo caliente y cocinar unos minutos hasta que el pan se deshaga ligeramente. Añadir un huevo por persona y dejarlo cocer sin remover hasta que cuaje suavemente. Servir muy caliente,MEDIO,pan;100g|ajo;3u|caldo;400ml|huevo;1u
Carne guisada con verduras,60,Dorar la carne en una olla grande para sellar su sabor. Añadir cebolla pimiento y zanahoria picados y remover hasta que la verdura suelte todo su aroma. Incorporar agua o caldo y cocinar a fuego lento durante largos minutos para que la carne se ablande. Añadir patatas troceadas y continuar la cocción hasta que queden tiernas. Ajustar sal y presentar el guiso bien caliente,MEDIO,carne;300g|cebolla;1u|pimiento verde;1u|zanahoria;1u|patata;2u
Potaje de garbanzos con espinacas,45,Sofreír cebolla y ajo picados en una olla grande hasta que tomen color. Añadir pimentón y mezclar para que no se queme. Incorporar garbanzos cocidos y cubrir con agua. Añadir espinacas y cocinar a fuego medio moviendo ocasionalmente hasta que todo esté bien integrado. Servir con huevo duro cortado si se desea,MEDIO,garbanzos cocidos;200g|espinacas;150g|cebolla;1u|ajo;1u
Pollo en pepitoria clásica,55,Dorar las piezas de pollo en una cazuela hasta que tomen color. Tostar almendras y pan en una sartén y triturarlos con un poco de caldo para formar un majado espeso. Pochar cebolla picada y añadir el majado y el pollo. Cubrir con caldo y cocinar a fuego suave hasta que la salsa espese y el pollo quede tierno. Servir acompañado de patatas cocidas,MEDIO,pollo;1u|almendras;40g|pan;20g|cebolla;1u|caldo;300ml
Patatas a la riojana auténticas,40,Picar cebolla y ajo y sofreírlos en una olla grande. Añadir chorizo en rodajas y saltearlo brevemente para que suelte su sabor. Pelar y chascar patatas para que suelten almidón y espesen el guiso. Añadir las patatas a la olla y cubrir con agua. Cocinar a fuego medio hasta que queden muy tiernas y el caldo espeso. Servir caliente,MEDIO,patata;3u|chorizo;1u|cebolla;1u|ajo;1u
Pisto de la abuela,45,Pelar y cortar todas las verduras en cubos pequeños. Sofreír la cebolla y el pimiento hasta que estén tiernos. Añadir calabacín y berenjena y cocinar hasta que reduzcan su volumen. Incorporar tomate triturado y dejar cocer a fuego lento hasta que el agua se evapore y quede una salsa espesa. Ajustar sal y servir como plato principal o acompañamiento,MEDIO,berenjena;1u|calabacín;1u|pimiento rojo;1u|cebolla;1u|tomate triturado;200g
Conejo al ajillo tradicional,45,Cortar el conejo en trozos pequeños y salpimentarlo. Dorarlo a fuego fuerte para que adquiera color. Añadir abundante ajo laminado y dejar que se dore sin quemarse. Incorporar vino blanco y permitir que se evapore el alcohol. Continuar la cocción a fuego lento hasta que el conejo esté tierno. Servir con patatas fritas o cocidas,FACIL,conejo;1u|ajo;5u|vino blanco;50ml
Puerros gratinados caseros,35,Lavar y cortar los puerros en trozos largos retirando la parte verde más dura. Hervirlos en agua con sal hasta que estén tiernos. Preparar una bechamel suave con leche harina y mantequilla y dejar cocer hasta que espese ligeramente. Colocar los puerros en una bandeja cubrir con la bechamel y añadir queso rallado. Gratinar en el horno hasta que la superficie esté dorada,MEDIO,puerro;3u|leche;200ml|harina;20g|mantequilla;20g|queso;30g
Risotto de calabaza y parmesano,40,Pelar y cortar calabaza en cubos pequeños. Sofreír cebolla picada hasta ablandar. Añadir arroz y rehogarlo para que absorba el aceite. Incorporar la calabaza y añadir caldo caliente poco a poco mientras se remueve constantemente. Continuar añadiendo caldo hasta que el arroz esté cremoso y al punto. Añadir queso parmesano y mezclar hasta integrar. Reposar un minuto antes de servir,MEDIO,arroz;200g|calabaza;1u|cebolla;1u|caldo;500ml|queso parmesano;40g
Pollo relleno al horno,55,Abrir la pechuga de pollo en forma de libro. Preparar un relleno con espinacas salteadas cebolla y queso. Rellenar el pollo y cerrarlo con ayuda de palillos. Dorar el pollo en una sartén y pasarlo a una bandeja. Añadir un poco de caldo y hornear hasta que esté completamente cocido. Servir con la salsa resultante,MEDIO,pollo;1u|espinacas;150g|cebolla;1u|queso;50g|caldo;100ml
Pasta fresca casera,50,Mezclar harina y huevo hasta obtener una masa compacta. Amasar durante varios minutos hasta que esté lisa. Reposar la masa cubierta con un paño. Estirar con rodillo hasta obtener una lámina fina. Cortar la pasta en tiras o formas deseadas. Cocer en agua con sal durante pocos minutos hasta que esté tierna y servir con la salsa preferida,DIFICIL,harina;200g|huevo;2u
Estofado de ternera tradicional,75,Cortar la ternera en dados y dorarla en una olla grande. Picar cebolla zanahoria y ajo y añadirlos a la olla. Remover y cocinar unos minutos. Incorporar caldo y vino y cocinar a fuego lento removiendo ocasionalmente. Mantener la cocción hasta que la carne esté muy tierna y la salsa concentrada. Servir caliente,DIFICIL,ternera;300g|zanahoria;1u|cebolla;1u|ajo;1u|vino tinto;50ml|caldo;300ml
Pargo al horno con hierbas,45,Lavar el pargo y secarlo bien. Rellenar el interior con hierbas como perejil y ajo. Colocar en una bandeja y añadir aceite y limón. Hornear hasta que la carne se desprenda con facilidad. Servir con las hierbas y el jugo de cocción,MEDIO,pargo;1u|perejil;1u|ajo;2u|limón;1u
Pollo en salsa de almendras,50,Dorar el pollo en una sartén y reservar. Triturar almendras tostadas con ajo y pan para formar una pasta. Sofreír cebolla picada y añadir la mezcla de almendras. Incorporar el pollo y caldo y cocinar a fuego lento hasta que la salsa espese. Servir acompañado de arroz o patatas,MEDIO,pollo;1u|almendras;50g|ajo;2u|pan;20g|cebolla;1u|caldo;300ml
Canelones caseros,60,Preparar el relleno picando carne y mezclándola con sofrito de cebolla y tomate. Cocer las placas de canelones y rellenarlas con la mezcla. Disponer en una bandeja y cubrir con bechamel espesa. Hornear hasta dorar la superficie. Servir caliente,DIFICIL,placas de canelón;10u|carne picada;200g|cebolla;1u|tomate triturado;150g|leche;200ml|harina;20g
Paella mixta tradicional,55,Dorar pollo y verduras en una paellera. Añadir arroz y mezclar bien. Incorporar caldo caliente y añadir marisco como gambas y mejillones. Cocinar sin remover hasta que el arroz esté tierno. Dejar reposar unos minutos antes de servir. Servir directamente en la paellera,DIFICIL,arroz;200g|pollo;1u|gambas;150g|mejillones;150g|pimiento rojo;1u|caldo;500ml
Crema de marisco,50,Sofreír cebolla zanahoria y puerro. Añadir cabezas de marisco y rehogar unos minutos. Incorporar agua y hervir para extraer sabor. Colar el caldo y añadir pulpa de marisco cocida. Triturar todo hasta obtener una crema fina y cocinar unos minutos más antes de servir,DIFICIL,cebolla;1u|zanahoria;1u|puerro;1u|marisco;200g
Pollo al vino blanco,45,Dorar el pollo en una sartén hasta que adquiera color. Añadir ajo picado y dejar que suelte aroma. Incorporar vino blanco y dejar reducir. Añadir caldo y cocinar a fuego lento hasta que la salsa espese y el pollo quede tierno. Ajustar sal y servir con patatas cocidas,MEDIO,pollo;1u|ajo;2u|vino blanco;100ml|caldo;200ml
Pasta con calabacín rallado,18,Cocer la pasta en agua con sal hasta que esté al dente. Rallar el calabacín y saltearlo en una sartén con aceite hasta que pierda agua y quede tierno. Añadir un poco de ajo picado para dar aroma. Mezclar la pasta escurrida con el calabacín y ajustar sal. Servir caliente,FACIL,pasta;200g|calabacín;1u|ajo;1u
Arroz con tomate y huevo,20,Cocer el arroz y reservar. Calentar una sartén y añadir tomate triturado y un poco de ajo picado. Cocinar unos minutos hasta que espese. Mezclar el arroz con la salsa y colocar un huevo frito encima. Servir de inmediato,FACIL,arroz;200g|tomate triturado;150g|ajo;1u|huevo;1u
Patatas con sofrito de pimientos,25,Pelar y cortar patatas en cubos y hervirlas hasta que estén tiernas. Cortar pimientos y cebolla en tiras y saltearlos en una sartén hasta ablandar. Mezclar las patatas con el sofrito y ajustar sal. Servir templado,FACIL,patata;3u|pimiento rojo;1u|pimiento verde;1u|cebolla;1u
Huevos revueltos con cebolla,12,Picar la cebolla en trozos pequeños y saltearla en aceite hasta que esté muy tierna. Batir los huevos y verterlos sobre la cebolla. Remover constantemente hasta obtener la textura deseada. Ajustar sal y servir,FACIL,huevo;2u|cebolla;1u
Arroz con ajo y perejil,15,Cocer el arroz en agua con sal. Picar ajo y perejil finamente y saltearlos unos segundos en aceite. Añadir el arroz cocido y mezclar hasta integrar aromas. Servir como plato principal o guarnición,FACIL,arroz;200g|ajo;2u|perejil;1u
Verduras al vapor con huevo duro,18,Cortar zanahoria calabacín y patata en trozos. Cocerlos al vapor hasta que estén tiernos. Hervir los huevos por separado. Servir las verduras con los huevos partidos encima y un chorrito de aceite,FACIL,zanahoria;1u|calabacín;1u|patata;1u|huevo;2u
Arroz con guisantes y cebolla,20,Picar cebolla y saltearla a fuego medio hasta ablandar. Añadir guisantes y cocinar unos minutos. Incorporar el arroz cocido y mezclar todo hasta integrar sabores. Ajustar sal y servir,FACIL,arroz;200g|guisantes;100g|cebolla;1u
Tallarines con ajo y limón,14,Hervir los tallarines hasta que estén tiernos. Cortar ajo en láminas y dorarlo suavemente en aceite. Añadir ralladura de limón y mezclar con los tallarines escurridos. Ajustar sal y servir,FACIL,tallarines;200g|ajo;2u|limón;1u
Caldo suave de verduras,30,Cortar puerro zanahoria y patata en trozos grandes. Hervir todo en una olla con agua y sal durante media hora. Colar el caldo y servir con algunas verduras dentro. Plato ligero y reconfortante,FACIL,puerro;1u|zanahoria;1u|patata;1u
Patatas salteadas con cebolla tierna,22,Lavar las patatas y cortarlas en cubos pequeños. Saltearlas a fuego medio hasta que queden crujientes por fuera y tiernas por dentro. Añadir cebolla tierna picada y cocinar unos minutos más. Ajustar sal y servir,FACIL,patata;3u|cebolla tierna;1u
Arroz al horno con verduras,35,Cortar cebolla pimiento y tomate en trozos pequeños. Sofreír las verduras en una sartén con aceite hasta que estén tiernas. Añadir arroz y mezclar unos minutos para que absorba el sabor. Pasar la mezcla a una bandeja añadir agua y hornear hasta que el arroz esté tierno. Dejar reposar antes de servir,MEDIO,arroz;200g|cebolla;1u|pimiento rojo;1u|tomate;1u
Fideos salteados con huevo,18,Cocer los fideos y escurrirlos. Batir los huevos y reservar. Saltear cebolla picada y añadir los fideos. Incorporar los huevos y remover hasta que cuajen ligeramente. Ajustar sal y servir caliente,FACIL,fideos;150g|huevo;2u|cebolla;1u
Guiso de patatas con pimentón,30,Pelar y cortar patatas en trozos medianos. Picar cebolla y sofreírla hasta ablandar. Añadir pimentón y las patatas y cubrir con agua. Cocinar a fuego medio hasta que las patatas estén tiernas. Ajustar sal y servir,MEDIO,patata;3u|cebolla;1u|pimentón;5g
Judías blancas estofadas,40,Sofreír cebolla y ajo picados. Añadir judías blancas cocidas y mezclar. Incorporar agua y laurel y cocinar a fuego lento para integrar sabores. Ajustar sal antes de servir,MEDIO,judías blancas cocidas;200g|cebolla;1u|ajo;1u|laurel;1u
Huevo duro con ensalada templada,12,Hervir los huevos hasta que queden duros. Cortar calabacín y saltearlo brevemente. Servir los huevos partidos sobre el calabacín y añadir tomate fresco picado. Aliñar con aceite y limón,FACIL,huevo;2u|calabacín;1u|tomate;1u
Arroz salteado con zanahoria,16,Cocer arroz y reservar. Rallar zanahoria y saltearla en una sartén con aceite hasta que esté tierna. Añadir el arroz y mezclar bien. Ajustar sal y servir caliente,FACIL,arroz;200g|zanahoria;2u
Pasta con pimiento y cebolla,20,Cortar pimiento y cebolla en tiras finas y saltearlas hasta ablandar. Cocer la pasta y escurrirla. Mezclar la pasta con las verduras y añadir aceite para integrar todo. Servir caliente,FACIL,pasta;200g|pimiento verde;1u|cebolla;1u
Guiso de arroz con pollo picado,28,Picar pollo en trozos pequeños y dorarlo en una olla. Añadir cebolla picada y cocinar hasta ablandar. Incorporar arroz y agua y cocinar a fuego medio hasta que el arroz esté tierno. Ajustar sal,FACIL,pollo;1u|arroz;200g|cebolla;1u
Verduras salteadas con huevo poché,22,Cortar calabacín zanahoria y cebolla en tiras. Saltearlas a fuego medio hasta ablandar. Hervir agua y preparar un huevo pochado. Servir las verduras y colocar el huevo encima. Añadir un chorrito de aceite,FACIL,calabacín;1u|zanahoria;1u|cebolla;1u|huevo;1u
Crema de puerro y patata,30,Cortar puerro y patata en trozos. Saltear el puerro en aceite hasta ablandar. Añadir las patatas y cubrir con agua. Cocinar hasta que estén tiernas y triturar hasta obtener textura cremosa. Ajustar sal y servir caliente,FACIL,puerro;2u|patata;2u
Tortellini con nata y jamón,25,Hervir los tortellini en agua con sal hasta que estén tiernos. Cortar el jamón en tiras y saltearlo ligeramente en una sartén. Añadir la nata y cocinar unos minutos hasta que espese. Escurrir los tortellini y añadirlos a la salsa. Mezclar bien y servir caliente,FACIL,tortellini;200g|jamón cocido;100g|nata líquida;100ml
Salmón al horno con limón,22,Colocar el salmón en una bandeja y añadir encima rodajas de limón. Agregar un chorrito de aceite y salpimentar. Hornear hasta que quede jugoso por dentro y dorado por fuera. Servir con una guarnición ligera,FACIL,salmón;1u|limón;1u|aceite de oliva;10ml
Estofado de pollo con verduras,40,Cortar el pollo en trozos y dorarlo en una olla con aceite. Añadir cebolla zanahoria y pimiento picados y cocinar hasta ablandar. Incorporar caldo y dejar cocinar a fuego lento hasta que el pollo esté muy tierno. Ajustar sal y servir caliente,MEDIO,pollo;1u|zanahoria;1u|pimiento verde;1u|cebolla;1u|caldo de pollo;1500ml
Garbanzos con chorizo,35,Cortar el chorizo en rodajas y dorarlo en una olla. Añadir cebolla picada y sofreír hasta que esté tierna. Incorporar garbanzos cocidos y un poco de caldo. Cocinar a fuego medio para integrar sabores. Servir caliente,MEDIO,garbanzos cocidos;200g|chorizo;80g|cebolla;1u
Calabacines rellenos,45,Cortar los calabacines por la mitad y vaciarlos con una cuchara. Saltear cebolla y carne picada. Añadir el interior del calabacín y tomate. Rellenar los calabacines y hornear hasta que estén tiernos. Servir con queso por encima si se desea,MEDIO,calabacín;2u|carne picada;150g|cebolla;1u|tomate triturado;150g
Pasta al ajillo,15,Hervir la pasta hasta que esté al dente. Cortar los ajos en láminas y dorarlos a fuego bajo para evitar que se quemen. Añadir perejil y mezclar con la pasta recién escurrida. Servir inmediatamente,FACIL,pasta;200g|ajo;3u|perejil;1u|aceite de oliva;20ml
Pollo con salsa de yogur,20,Cortar el pollo en trozos y dorarlo en una sartén. Preparar salsa mezclando yogur limón ajo y especias. Verter la salsa sobre el pollo y cocinar unos minutos. Servir acompañado de arroz o ensalada,FACIL,pollo;1u|yogur natural;1u|limón;1u|ajo;2u
Espinacas a la crema,18,Saltear las espinacas en una sartén hasta reducir su volumen. Añadir nata y remover hasta que espese. Incorporar una pizca de nuez moscada para potenciar el sabor. Cocinar unos minutos más y servir,FACIL,espinacas;200g|nata líquida;100ml
Fajitas de pollo,25,Cortar el pollo en tiras y saltearlo en sartén caliente. Añadir pimientos y cebolla cortados en tiras y cocinar hasta ablandar. Incorporar especias y mezclar bien. Calentar las tortillas y rellenarlas con la mezcla. Servir caliente,FACIL,pollo;1u|pimiento rojo;1u|pimiento verde;1u|cebolla;1u|tortillas;3u
Crepes rellenos de pollo,30,Preparar la masa mezclando harina leche y huevo hasta obtener una mezcla homogénea. Cocinar los crepes en una sartén. Saltear pollo y cebolla para el relleno. Rellenar los crepes y doblarlos. Servir calientes,FACIL,harina;100g|leche;200ml|huevo;1u|pollo;1u|cebolla;1u
Verduras al horno,30,Lavar todas las verduras y cortarlas en trozos medianos. Colocarlas en una bandeja para horno y añadir aceite y especias. Mezclar bien para que todas queden impregnadas. Hornear hasta que estén tiernas y ligeramente doradas. Servir caliente,FACIL,calabacín;1u|berenjena;1u|pimiento rojo;1u|cebolla;1u
Puré de patata casero,25,Pelar las patatas y cortarlas en trozos. Hervirlas en agua con sal hasta que estén muy blandas. Escurrirlas y triturarlas con mantequilla y leche hasta formar un puré suave. Ajustar sal y servir caliente,FACIL,patata;3u|mantequilla;20g|leche;100ml
Huevos a la flamenca,28,Picar cebolla ajo y pimiento y sofreírlos hasta ablandar. Añadir tomate triturado y cocinar hasta reducir. Colocar la mezcla en una cazuela y añadir los huevos encima. Hornear hasta que los huevos cuajen. Servir caliente,MEDIO,cebolla;1u|pimiento verde;1u|ajo;1u|tomate triturado;200g|huevo;2u
Merluza en salsa verde,25,Picar ajo y perejil y saltearlos suavemente en una sartén. Añadir la merluza y un chorrito de vino blanco. Incorporar caldo y mover la sartén para ligar la salsa. Cocinar hasta que la merluza esté tierna y la salsa ligeramente espesa. Servir con patata cocida,MEDIO,merluza;1u|ajo;2u|perejil;1u|vino blanco;50ml
Cuscús con verduras,18,Hidratar el cuscús con agua caliente y dejar reposar. Saltear verduras picadas hasta que estén tiernas. Mezclar el cuscús con las verduras y añadir especias al gusto. Ajustar sal y servir caliente,FACIL,cuscús;200g|calabacín;1u|zanahoria;1u|cebolla;1u
Pollo tikka masala,40,Mezclar yogur y especias para marinar el pollo y dejar reposar. Saltear cebolla en una sartén con aceite. Añadir tomate triturado y cocinar hasta reducir. Incorporar el pollo marinado y cocinar hasta que esté tierno. Añadir un poco de nata para suavizar la salsa. Servir con arroz,MEDIO,pollo;1u|yogur natural;1u|cebolla;1u|tomate triturado;200g|nata líquida;50ml
Guiso de lentejas,45,Picar verduras en trozos pequeños. Sofreírlas en una olla con aceite. Añadir lentejas y cubrir con agua o caldo. Cocinar a fuego lento hasta que las lentejas estén tiernas. Ajustar sal y servir caliente,MEDIO,lentejas;200g|zanahoria;1u|cebolla;1u|pimiento rojo;1u
Espaguetis con atún,15,Cocer los espaguetis en agua con sal. Mezclar atún tomate y orégano en una sartén y calentar suavemente. Añadir los espaguetis escurridos y mezclar bien. Servir caliente,FACIL,espaguetis;200g|atún;1u|tomate triturado;150g
Bacalao a la vizcaína,30,Cortar cebolla y pimiento en tiras y sofreírlos hasta ablandar. Añadir tomate y dejar cocinar. Incorporar el bacalao y cocinar a fuego medio hasta que se integre con la salsa. Servir con pan o patata cocida,MEDIO,bacalao;1u|pimiento choricero;1u|cebolla;1u|tomate triturado;150g
Risotto de setas,35,Picar cebolla y sofreírla suavemente. Añadir setas y cocinar hasta que suelten su jugo. Agregar arroz y mezclar bien. Incorporar caldo caliente poco a poco mientras se remueve constantemente. Cocinar hasta obtener una textura cremosa. Añadir queso rallado antes de servir,MEDIO,arroz;200g|setas;150g|cebolla;1u|queso rallado;30g
Paella de verduras,40,Picar cebolla pimiento y ajo en trozos pequeños. Sofreír las verduras en una paellera con aceite hasta que estén tiernas. Añadir el arroz y rehogar unos minutos para que absorba el sabor. Verter caldo caliente y añadir judías y calabacín. Cocinar a fuego medio sin remover hasta que el arroz esté tierno. Dejar reposar unos minutos antes de servir,MEDIO,arroz;200g|cebolla;1u|pimiento rojo;1u|ajo;2u|judías verdes;150g|calabacín;1u|caldo;2l
Pechugas de pollo a la plancha,15,Sazonar las pechugas con sal y pimienta. Calentar una plancha con un chorrito de aceite. Cocinar el pollo por ambos lados hasta que quede dorado y jugoso. Añadir limón exprimido para potenciar el sabor. Servir con verduras o ensalada,FACIL,pollo;1u|limón;1u
Macarrones con salsa de tomate,20,Cocer los macarrones en agua con sal. Picar ajo y sofreírlo ligeramente. Añadir tomate triturado y cocinar a fuego lento hasta espesar. Mezclar los macarrones con la salsa y ajustar sal. Servir con queso rallado opcional,FACIL,macarrones;200g|ajo;1u|tomate triturado;200g
Garbanzos con espinacas,25,Picar ajo y cebolla. Saltearlos en aceite hasta dorar. Añadir garbanzos cocidos y mezclar bien. Incorporar espinacas frescas y cocinar hasta que reduzcan su volumen. Añadir un poco de caldo si es necesario. Ajustar sal y servir caliente,FACIL,garbanzos cocidos;200g|espinacas;150g|cebolla;1u|ajo;1u
Filetes de cerdo con champiñones,30,Sazonar los filetes y dorarlos en sartén. Retirar y reservar. Saltear los champiñones en la misma sartén hasta que suelten agua. Añadir nata y reducir hasta obtener salsa espesa. Volver a incorporar los filetes y cocinar unos minutos más. Servir caliente,MEDIO,cerdo;200g|champiñones;150g|nata líquida;100ml
Revuelto de setas,15,Lavar y trocear las setas. Saltearlas en sartén con un poco de aceite y ajo. Batir los huevos y añadirlos cuando las setas estén tiernas. Remover constantemente hasta lograr la textura deseada. Añadir sal y servir sobre pan tostado si se desea,FACIL,setas;150g|huevo;2u|ajo;1u
Ensalada de pasta fría,18,Cocer la pasta y enfriarla con agua fría. Cortar tomate en cubos y escurrir el maíz. Añadir atún desmenuzado y mezclar todo en un bol. Agregar limón y aceite para aliñar. Ajustar sal y servir fría,FACIL,pasta;200g|tomate;1u|maíz;80g|atún;1u|limón;1u
Pollo al limón,25,Cortar el pollo en cubos y dorarlo en una sartén. Añadir ajo picado y saltear un minuto. Incorporar zumo de limón y un poco de caldo. Cocinar a fuego medio hasta que la salsa reduzca. Servir con arroz blanco,FACIL,pollo;1u|limón;2u|ajo;2u
Arroz con pollo casero,35,Dorar los trozos de pollo en una olla grande. Añadir cebolla y pimiento picados y rehogar. Añadir arroz y mezclar para impregnar sabores. Verter caldo caliente y cocinar a fuego medio hasta que el arroz esté tierno. Dejar reposar unos minutos antes de servir,MEDIO,pollo;1u|arroz;200g|cebolla;1u|pimiento verde;1u
Fideuá de marisco,40,Tostar los fideos en una sartén hasta que tomen color. Añadir gambas y calamares cortados en trozos. Incorporar caldo de pescado caliente y cocinar sin remover. Dejar que los fideos absorban el caldo lentamente. Reposar unos minutos antes de servir,MEDIO,fideos;200g|gambas;150g|calamar;150g
Espaguetis carbonara,22,Cocer los espaguetis en agua con sal hasta que estén al dente. Cortar la panceta en dados y dorarla en sartén hasta que quede crujiente. Batir huevos con queso rallado y reservar. Escurrir la pasta y añadirla a la sartén con la panceta. Retirar del fuego y añadir la mezcla de huevo para que espese sin cuajar. Remover unos segundos y servir caliente,MEDIO,espaguetis;200g|panceta;100g|huevo;2u|queso rallado;40g
Crema de calabaza,30,Pelar y cortar calabaza cebolla y zanahoria en trozos. Sofreír la cebolla hasta que esté tierna. Añadir la calabaza y la zanahoria y rehogar unos minutos. Cubrir con agua y cocinar hasta que todas las verduras estén blandas. Triturar hasta obtener una crema fina y añadir un chorrito de aceite antes de servir,FACIL,calabaza;1u|cebolla;1u|zanahoria;1u|aceite de oliva;10ml
Atún a la plancha con arroz,20,Sazonar el atún y cocinarlo a la plancha a fuego fuerte para sellarlo por fuera y dejarlo jugoso por dentro. Cocer el arroz en agua con sal hasta que esté tierno. Servir el atún acompañado de arroz y un poco de limón exprimido para potenciar el sabor,FACIL,atún;1u|arroz;200g|limón;1u
Tacos de pollo,25,Cortar el pollo en tiras y saltearlo con cebolla hasta que esté bien dorado. Añadir especias para realzar el sabor. Cortar tomate y lechuga en trozos pequeños. Calentar las tortillas en una sartén. Rellenarlas con el pollo y las verduras. Servir recién hecho,FACIL,pollo;1u|cebolla;1u|tomate;1u|tortillas;3u|lechuga;1u
Sopa de verduras casera,30,Pelar y cortar todas las verduras en dados. Calentar una olla con un poco de aceite y sofreír ligeramente las verduras. Añadir agua hasta cubrir y cocinar a fuego medio durante veinte minutos. Ajustar sal y servir caliente,FACIL,zanahoria;1u|apio;1u|cebolla;1u|patata;1u
Ternera guisada,50,Cortar la carne en dados y dorarla en una olla para sellar los jugos. Añadir cebolla y zanahoria picadas y cocinar hasta que ablanden. Añadir vino y dejar evaporar. Incorporar caldo y cocinar a fuego lento hasta que la carne esté tierna. Servir con patatas o arroz,DIFICIL,ternera;250g|cebolla;1u|zanahoria;1u|vino tinto;50ml
Ensalada de quinoa,20,Lavar la quinoa y cocerla en agua con sal hasta que esté esponjosa. Cortar tomate y pepino en pequeños cubos. Mezclar la quinoa con las verduras y añadir limón exprimido y un chorrito de aceite. Ajustar sal y servir fría,FACIL,quinoa;150g|tomate;1u|pepino;1u|limón;1u
Merluza al vapor,18,Colocar la merluza en una vaporera con una rodaja de limón encima. Cocer hasta que el pescado esté tierno. Pelar y cortar una patata y hervirla hasta que quede blanda. Servir la merluza con la patata y un chorrito de aceite,FACIL,merluza;1u|limón;1u|patata;1u
Fajitas de verduras,22,Cortar pimiento cebolla y calabacín en tiras. Calentar la sartén y saltearlos hasta que estén tiernos pero ligeramente crujientes. Añadir especias como pimentón o comino. Calentar las tortillas y rellenarlas con las verduras. Servir inmediatamente,FACIL,pimiento rojo;1u|cebolla;1u|calabacín;1u|tortillas;3u
Pisto manchego,35,Picar cebolla pimiento calabacín y tomate en trozos pequeños. Sofreír la cebolla y el pimiento hasta ablandar. Añadir calabacín y finalmente el tomate. Cocinar a fuego medio removiendo de vez en cuando hasta que todo quede tierno y bien integrado. Ajustar sal y servir como plato principal o guarnición,MEDIO,calabacín;1u|pimiento verde;1u|cebolla;1u|tomate;2u
Pasta al pesto,20,Hervir la pasta en abundante agua con sal hasta que esté al dente. Lavar la albahaca y secarla bien. Triturar albahaca piñones ajo y aceite hasta obtener una crema espesa. Añadir queso rallado y mezclar nuevamente para integrar sabores. Escurrir la pasta y mezclarla inmediatamente con el pesto para que absorba el aroma. Servir caliente,FACIL,pasta;200g|albahaca;1u|piñones;50g|ajo;1u|queso parmesano;40g|aceite de oliva;20ml
Pollo al horno con patatas,45,Precalentar el horno. Pelar patatas y cortarlas en gajos. Cortar cebolla en tiras. Colocar patatas cebolla y pollo en una bandeja. Añadir aceite sal y especias. Mezclar con las manos para impregnar todo. Hornear hasta que el pollo esté dorado y las patatas tiernas. Dejar reposar unos minutos antes de servir,FACIL,pollo;1u|patata;2u|cebolla;1u|aceite de oliva;20ml|romero;5g
Tortilla de patatas,30,Pelar las patatas y cortarlas en láminas finas. Picar la cebolla. Freír la mezcla en abundante aceite hasta que esté blanda. Escurrir el exceso de aceite. Batir los huevos y mezclarlos con las patatas. Verter en una sartén y cuajar por un lado. Dar la vuelta con un plato y cuajar por el otro lado. Servir templada,MEDIO,patata;3u|huevo;4u|cebolla;1u|aceite de oliva;20ml
Arroz tres delicias,20,Cocer el arroz y reservar. Preparar una tortilla francesa fina y picarla en trozos pequeños. Saltear guisantes y jamón cocido en una sartén grande. Añadir el arroz y mezclar bien. Incorporar la tortilla y un chorrito de salsa de soja. Cocinar unos minutos para integrar sabores. Servir caliente,FACIL,arroz;200g|guisantes;100g|jamón cocido;100g|huevo;2u|salsa de soja;20ml
Lasaña boloñesa,50,Picar cebolla ajo y zanahoria. Sofreír todo a fuego medio hasta ablandar. Añadir carne picada y cocinar hasta dorar. Incorporar tomate triturado y dejar reducir. Preparar la bechamel calentando leche y mezclándola con harina y mantequilla hasta espesar. Montar capas de pasta carne y bechamel. Hornear hasta gratinar. Reposar antes de cortar,MEDIO,pasta de lasaña;6u|carne picada;200g|tomate triturado;200g|cebolla;1u|zanahoria;1u|leche;200ml|harina;20g|mantequilla;20g
Ensalada César,15,Lavar y cortar la lechuga en trozos grandes. Cocinar el pollo en la plancha hasta dorar y cortar en tiras. Mezclar yogur limón mostaza ajo y aceite para preparar la salsa. Añadir picatostes y queso rallado a la ensalada. Incorporar el pollo y mezclar con la salsa. Servir fresca,FACIL,lechuga;1u|pollo;1u|yogur natural;1u|ajo;1u|limón;1u|queso rallado;30g|picatostes;50g
Salmón a la plancha con verduras,20,Limpiar el salmón y secarlo bien. Salpimentarlo ligeramente. Calentar la plancha y cocinar el salmón por ambos lados hasta que esté tierno por dentro. Cortar calabacín y zanahoria en tiras. Saltear las verduras a fuego medio hasta ablandar ligeramente. Servir el salmón con las verduras y un toque de limón,FACIL,salmón;1u|calabacín;1u|zanahoria;1u|limón;1u|aceite de oliva;10ml
Curry de garbanzos,25,Picar cebolla y ajo y sofreírlos con aceite. Añadir curry para potenciar su aroma. Agregar garbanzos cocidos y mezclar bien. Incorporar tomate picado y remover. Añadir leche de coco y cocinar a fuego lento hasta espesar la salsa. Ajustar sal y servir con arroz si se desea,MEDIO,garbanzos cocidos;200g|cebolla;1u|ajo;2u|curry;10g|tomate;1u|leche de coco;150ml
Pizza margarita casera,35,Mezclar harina agua levadura y sal hasta formar una masa suave. Amasar unos minutos y dejar reposar para que aumente su tamaño. Estirar la masa finamente. Cubrir con tomate triturado y mozzarella. Hornear en temperatura alta hasta que el borde esté dorado. Servir caliente,MEDIO,harina;200g|levadura;5g|tomate triturado;150g|mozzarella;150g
Hamburguesa casera,20,Mezclar carne picada con sal y especias al gusto. Formar una hamburguesa uniforme. Cocinarla en una sartén caliente hasta dorar por ambos lados. Cortar tomate y lavar lechuga. Montar la hamburguesa en el pan con queso tomate y lechuga. Servir inmediatamente,FACIL,carne picada;150g|pan hamburguesa;1u|lechuga;1u|tomate;1u|queso;1u